{"cameraMode":{"drawMode":0,"name":"Shaded","section":"Shading Mode"},"sceneLighting":false,"audioPlay":false,"sceneViewState":{"showFog":true,"showMaterialUpdate":false,"showSkybox":false,"showFlares":true,"showImageEffects":true,"showParticleSystems":true},"in2DMode":false,"pivot":{"x":11.410612106323243,"y":-1.6498560905456544,"z":25.046581268310548},"rotation":{"x":0.11970427632331848,"y":0.23045726120471955,"z":-0.028337271884083749,"w":0.9653958082199097},"size":54.2747802734375,"orthographic":false}