{"cameraMode":{"drawMode":0,"name":"Shaded","section":"Shading Mode"},"sceneLighting":false,"audioPlay":false,"sceneViewState":{"showFog":true,"showMaterialUpdate":false,"showSkybox":false,"showFlares":true,"showImageEffects":true,"showParticleSystems":true},"in2DMode":false,"pivot":{"x":0.007812559604644776,"y":0.34375,"z":0.0234375},"rotation":{"x":-0.07970987260341644,"y":-0.020024122670292856,"z":0.001594283152371645,"w":-0.9966291189193726},"size":1.7601250410079957,"orthographic":false}